DATA INVENTARIS BARANG SMK MUHAMMADIYAH 12 - TAHUN 2025,,,,,,,,,,,
NO,NAMA BARANG,MERK,KODE BARANG,TAHUN PENGADAAN,"FREKUENSI PEMAKAIAN
(1-5)","UMUR BARANG
(Tahun)","KONDISI FISIK
(1-5)","KELENGKAPAN
(1-5)",LABEL KONDISI,KETERANGAN,KATEGORI
1,LAPTOP + SSD,Dell,LP001,2025,5,1,5,4,LAYAK,—,Perangkat Komputer
2,LAPTOP + SSD,Dell,LP002,2025,5,1,5,4,LAYAK,—,Perangkat Komputer
3,LAPTOP + SSD,Dell,LP003,2025,5,1,5,4,LAYAK,—,Perangkat Komputer
4,LAPTOP + SSD,Dell,LP004,2025,5,1,5,4,LAYAK,—,Perangkat Komputer
5,LAPTOP + SSD,Dell,LP005,2025,5,1,5,4,LAYAK,—,Perangkat Komputer
6,LAPTOP,Dell,LP006,2025,5,1,5,4,LAYAK,—,Perangkat Komputer
7,LAPTOP,Dell,LP007,2025,5,1,5,4,LAYAK,—,Perangkat Komputer
8,LAPTOP,Dell,LP008,2025,5,1,5,4,LAYAK,—,Perangkat Komputer
9,LAPTOP,Dell,LP009,2024,3,4,2,2,KURANG LAYAK,—,Perangkat Komputer
10,LAPTOP + SSD,Dell,LP010,2025,5,1,5,4,LAYAK,—,Perangkat Komputer
11,LAPTOP,Dell,LP011,2024,3,4,2,2,KURANG LAYAK,—,Perangkat Komputer
12,LAPTOP,Dell,LP012,2025,5,1,5,4,LAYAK,—,Perangkat Komputer
13,LAPTOP,Dell,LP015,—,—,—,—,—,TIDAK DIKETAHUI,Tidak ditemukan / Gak ada,Perangkat Komputer
14,LAPTOP,HP,LP013,2025,5,1,5,4,LAYAK,—,Perangkat Komputer
15,LAPTOP,HP,LP014,2025,5,1,5,4,LAYAK,—,Perangkat Komputer
16,LAPTOP,NEW,LP016,2025,4,2,5,4,LAYAK,AL,Perangkat Komputer
17,LAPTOP,NEW,LP017,2025,5,1,5,4,LAYAK,—,Perangkat Komputer
18,LAPTOP,NEW,LP018,2025,5,1,5,4,LAYAK,—,Perangkat Komputer
19,LAPTOP,NEW,LP019,2025,5,1,5,4,LAYAK,—,Perangkat Komputer
20,LAPTOP,NEW,LP020,2025,5,1,5,4,LAYAK,—,Perangkat Komputer
21,LAPTOP,Lenovo (Bekas),LP021,2023,3,4,3,3,KURANG LAYAK,Second,Perangkat Komputer
22,CHARGER LAPTOP,Dell,PRKKPLP0032023,2025,5,1,5,4,LAYAK,—,Aksesori Laptop
23,CHARGER LAPTOP,Dell,CLP002,2025,5,1,5,4,LAYAK,—,Aksesori Laptop
24,CHARGER LAPTOP,Dell,CLP003,2025,5,1,5,4,LAYAK,—,Aksesori Laptop
25,CHARGER LAPTOP,Dell,CLP004,2025,5,1,5,4,LAYAK,—,Aksesori Laptop
26,CHARGER LAPTOP,Dell,CLP005,—,—,—,—,—,TIDAK DIKETAHUI,Tidak ditemukan,Aksesori Laptop
27,CHARGER LAPTOP,Dell,CLP006,2025,5,1,5,4,LAYAK,—,Aksesori Laptop
28,CHARGER LAPTOP,Dell,PRKKPLP0042023,2025,5,1,5,4,LAYAK,—,Aksesori Laptop
29,CHARGER LAPTOP,Dell,PRKKPLP0022023,2025,5,1,5,4,LAYAK,—,Aksesori Laptop
30,CHARGER LAPTOP,Dell,CLP008,2025,5,1,5,4,LAYAK,—,Aksesori Laptop
31,CHARGER LAPTOP,Dell,PRKKPLP0012023,2025,5,1,5,4,LAYAK,—,Aksesori Laptop
32,CHARGER LAPTOP,Dell,PRKKPLP0052023,2025,5,1,5,4,LAYAK,—,Aksesori Laptop
33,CHARGER LAPTOP,Dell,CLP001,—,—,—,—,—,TIDAK DIKETAHUI,Tidak ditemukan,Aksesori Laptop
34,CHARGER LAPTOP,Dell,PRKKPLP00112023,2023,2,3,2,3,KURANG LAYAK,Kabel kurang lengkap,Aksesori Laptop
35,CHARGER LAPTOP,Dell,—,—,—,—,—,—,TIDAK DIKETAHUI,Kode tidak ada,Aksesori Laptop
36,CHARGER LAPTOP,Dell,—,—,—,—,—,—,TIDAK DIKETAHUI,Kode tidak ada,Aksesori Laptop
37,CHARGER LAPTOP,Dell,—,—,—,—,—,—,TIDAK DIKETAHUI,Kode tidak ada,Aksesori Laptop
38,CHARGER LAPTOP,Dell,—,—,—,—,—,—,TIDAK DIKETAHUI,Kode tidak ada,Aksesori Laptop
39,CHARGER LAPTOP,HP,CLP007,2024,2,2,3,3,KURANG LAYAK,Kurang lengkap,Aksesori Laptop
40,CHARGER LAPTOP,HP,CLP0011,2024,3,3,2,3,KURANG LAYAK,Kabel tidak lengkap,Aksesori Laptop
41,CHARGER LAPTOP,HP,CLP009,2024,3,3,2,3,KURANG LAYAK,Kabel tidak lengkap,Aksesori Laptop
42,CHARGER LAPTOP,HP,CLP0010,2024,3,3,2,3,KURANG LAYAK,Kabel tidak lengkap,Aksesori Laptop
43,CHARGER LAPTOP,HP,—,—,—,—,—,—,TIDAK DIKETAHUI,Kode tidak ada,Aksesori Laptop
44,CHARGER LAPTOP,Lenovo (Bekas),CLP0012,2024,3,3,2,3,KURANG LAYAK,Kabel tidak lengkap,Aksesori Laptop
45,STOP KONTAK 6M,-,STP012024,2025,5,1,5,4,LAYAK,—,Kelistrikan
46,STOP KONTAK 6M,-,STP032024,2025,5,1,5,4,LAYAK,—,Kelistrikan
47,STOP KONTAK 1M,-,STP022024,2025,5,1,5,4,LAYAK,—,Kelistrikan
48,STOP KONTAK 1M,-,STP042024,2025,5,1,5,4,LAYAK,—,Kelistrikan
49,STOP KONTAK 1M,-,STP052024,2025,5,1,5,4,LAYAK,—,Kelistrikan
50,STOP KONTAK 1M,-,STP062024,—,—,—,—,—,TIDAK DIKETAHUI,Tidak ditemukan,Kelistrikan
51,MIKROTIK RB941-2ND-TC,Mikrotik,USKMAMRK0012023,2025,5,1,5,4,LAYAK,—,Perangkat Jaringan
52,MIKROTIK RB941-2ND-TC,Mikrotik,USKMAMRK0022023,2025,5,1,5,4,LAYAK,—,Perangkat Jaringan
53,MIKROTIK RB941-2ND-TC,Mikrotik,—,—,—,—,—,—,TIDAK DIKETAHUI,Kode tidak ada,Perangkat Jaringan
54,MIKROTIK RB941-2ND-TC,Mikrotik,USKMAMRK0042023,2025,5,1,5,4,LAYAK,—,Perangkat Jaringan
55,MIKROTIK RB941-2ND-TC,Mikrotik,USKMAMRK0052023,2025,5,1,5,4,LAYAK,—,Perangkat Jaringan
56,MIKROTIK RB941-2ND-TC,Mikrotik,USKMAMRK0062023,2025,5,1,5,4,LAYAK,—,Perangkat Jaringan
57,MIKROTIK RB941-2ND-TC,Mikrotik,USKMAMRK0072023,2025,5,1,5,4,LAYAK,—,Perangkat Jaringan
58,MIKROTIK RB941-2ND-TC,Mikrotik,USKMAMRK0082023,2025,5,1,5,4,LAYAK,—,Perangkat Jaringan
59,MIKROTIK RB941-2ND-TC,Mikrotik,USKMAMRK0092023,2025,5,1,5,4,LAYAK,—,Perangkat Jaringan
60,MIKROTIK RB941-2ND-TC,Mikrotik,USKMAMRK0102023,2025,5,1,5,4,LAYAK,—,Perangkat Jaringan
61,MIKROTIK RB941-2ND-TC,Mikrotik,USKMAMRK0112023,2025,5,1,5,4,LAYAK,—,Perangkat Jaringan
62,MIKROTIK RB941-2ND-TC,Mikrotik,USKMAMRK0122023,2025,5,1,5,4,LAYAK,—,Perangkat Jaringan
63,MIKROTIK RB941-2ND-TC,Mikrotik,USKMAMRK0132023,2025,5,1,5,4,LAYAK,—,Perangkat Jaringan
64,MIKROTIK RB941-2ND-TC,Mikrotik,USKMAMRK0142023,2025,5,1,5,4,LAYAK,—,Perangkat Jaringan
65,MIKROTIK RB941-2ND-TC,Mikrotik,USKMAMRK0152023,2025,5,1,5,4,LAYAK,—,Perangkat Jaringan
66,MIKROTIK RB941-2ND-TC,Mikrotik,USKMAMRK0162023,2025,5,1,5,4,LAYAK,—,Perangkat Jaringan
67,MIKROTIK RB941-2ND-TC,Mikrotik,USKMAMRK0172023,—,—,—,—,—,TIDAK DIKETAHUI,Tidak ditemukan,Perangkat Jaringan
68,MIKROTIK RB941-2ND-TC,Mikrotik,—,—,—,—,—,—,TIDAK DIKETAHUI,Kode tidak ada,Perangkat Jaringan
69,MIKROTIK RB941-2ND-TC,Mikrotik,USKMAMRK0192023,2022,1,4,1,1,TIDAK LAYAK,Tombol reset rusak,Perangkat Jaringan
70,MIKROTIK RB941-2ND-TC,Mikrotik,—,—,—,—,—,—,TIDAK DIKETAHUI,Belum didata,Perangkat Jaringan
71,MIKROTIK RB941-2ND-TC,Mikrotik,—,—,—,—,—,—,TIDAK DIKETAHUI,Belum didata,Perangkat Jaringan
72,MIKROTIK RB941-2ND-TC,Mikrotik,—,—,—,—,—,—,TIDAK DIKETAHUI,Belum didata,Perangkat Jaringan
73,MIKROTIK RB941-2ND-TC,Mikrotik,—,—,—,—,—,—,TIDAK DIKETAHUI,Belum didata,Perangkat Jaringan
74,MIKROTIK RB941-2ND-TC,Mikrotik,—,—,—,—,—,—,TIDAK DIKETAHUI,Belum didata,Perangkat Jaringan
75,MIKROTIK RB941-2ND-TC,Mikrotik,—,—,—,—,—,—,TIDAK DIKETAHUI,Belum didata,Perangkat Jaringan
76,MIKROTIK RB941-2ND-TC,Mikrotik,PRKMRK0012023,2025,5,1,5,4,LAYAK,—,Perangkat Jaringan
77,MIKROTIK RB941-2ND-TC,Mikrotik,PRKMRK0022023,2024,3,3,2,3,KURANG LAYAK,Port 2 bermasalah,Perangkat Jaringan
78,MIKROTIK RB941-2ND-TC,Mikrotik,PRKMRK0032023,2025,5,1,5,4,LAYAK,—,Perangkat Jaringan
79,MIKROTIK RB941-2ND,Mikrotik,PRKMRK0042023,2025,5,1,5,4,LAYAK,—,Perangkat Jaringan
80,MIKROTIK RB941-2ND,Mikrotik,PRKMRK0052023,2022,1,4,1,1,TIDAK LAYAK,Tombol reset rusak,Perangkat Jaringan
81,MIKROTIK RB941-2ND,Mikrotik,PRKMRK0062023,2025,5,1,5,4,LAYAK,—,Perangkat Jaringan
82,MIKROTIK RB941-2ND-TC,Mikrotik,PRKMRK0082023,2020,1,4,2,2,TIDAK LAYAK,Port 1 & 2 bermasalah,Perangkat Jaringan
83,MIKROTIK RB941-2ND-TC,Mikrotik,PRKMRK0092023,2025,5,1,5,4,LAYAK,—,Perangkat Jaringan
84,MIKROTIK RB941-2ND-TC,Mikrotik,USKMAMRK0032023,2025,5,1,5,4,LAYAK,—,Perangkat Jaringan
85,MIKROTIK RB941-2ND-TC,Mikrotik,—,—,—,—,—,—,TIDAK DIKETAHUI,Kode tidak ada,Perangkat Jaringan
86,MIKROTIK RB941-2ND-TC,Mikrotik,USKMAMRK0182023,2025,5,1,5,4,LAYAK,—,Perangkat Jaringan
87,SWITCH TP-LINK PORT 8,TP-Link,USKMASW0022023,2025,5,1,5,4,LAYAK,—,Perangkat Jaringan
88,SWITCH TP-LINK PORT 8,TP-Link,USKMASW0012023,2025,5,1,5,4,LAYAK,—,Perangkat Jaringan
89,SWITCH TP-LINK PORT 4,TP-Link,USKMASW0032023,2025,5,1,5,4,LAYAK,—,Perangkat Jaringan
90,SWITCH MERCUSYS PORT 4,Mercusys,SW0012025,2025,5,1,5,4,LAYAK,—,Perangkat Jaringan
91,SWITCH MERCUSYS PORT 4,Mercusys,SW0022025,2025,5,1,5,4,LAYAK,—,Perangkat Jaringan
92,SWITCH MERCUSYS PORT 4,Mercusys,SW0032025,2025,5,1,5,4,LAYAK,—,Perangkat Jaringan
93,SWITCH MERCUSYS PORT 4,Mercusys,SW0042025,2025,5,1,5,4,LAYAK,—,Perangkat Jaringan
94,SWITCH MERCUSYS PORT 4,Mercusys,SW0052025,2025,5,1,5,4,LAYAK,—,Perangkat Jaringan
95,SWITCH MERCUSYS PORT 4,Mercusys,SW0062025,2025,5,1,5,4,LAYAK,—,Perangkat Jaringan
96,SWITCH MERCUSYS PORT 4,Mercusys,SW0072025,2025,5,1,5,4,LAYAK,—,Perangkat Jaringan
97,SWITCH MERCUSYS PORT 4,Mercusys,SW0082025,2025,5,1,5,4,LAYAK,—,Perangkat Jaringan
98,SWITCH MERCUSYS PORT 4,Mercusys,SW0092025,2025,5,1,5,4,LAYAK,—,Perangkat Jaringan
99,TANG KRIMPING HIJAU,—,USKMATK0012023,2025,5,1,5,4,LAYAK,—,Alat & Perkakas
100,TANG KRIMPING HIJAU,—,USKMATK002023,2025,5,1,5,4,LAYAK,—,Alat & Perkakas
101,TANG KRIMPING HIJAU,—,USKMATK0032023,2025,5,1,5,4,LAYAK,—,Alat & Perkakas
102,TANG KRIMPING HIJAU,—,USKMATK0042023,2025,5,1,5,4,LAYAK,—,Alat & Perkakas
103,TANG KRIMPING HIJAU,—,USKMATK0052023,2025,5,1,5,4,LAYAK,—,Alat & Perkakas
104,TANG KRIMPING HIJAU,—,USKMATK0062023,2024,3,4,2,2,KURANG LAYAK,—,Alat & Perkakas
105,TANG KRIMPING HIJAU,—,USKMATK0072023,2025,5,1,5,4,LAYAK,—,Alat & Perkakas
106,TANG KRIMPING HIJAU,—,USKMATK0082023,2025,5,1,5,4,LAYAK,—,Alat & Perkakas
107,TANG KRIMPING HIJAU,—,USKMATK0092023,2024,3,4,2,2,KURANG LAYAK,—,Alat & Perkakas
108,TANG KRIMPING HIJAU,—,USKMATK0102023,2025,5,1,5,4,LAYAK,—,Alat & Perkakas
109,TANG KRIMPING HIJAU,—,USKMATK0112023,2025,5,1,5,4,LAYAK,—,Alat & Perkakas
110,TANG KRIMPING HIJAU,—,PRKTK0012023,2025,5,1,5,4,LAYAK,—,Alat & Perkakas
111,TANG KRIMPING HIJAU,—,PRKTK002023,2025,5,1,5,4,LAYAK,—,Alat & Perkakas
112,TANG KRIMPING HIJAU,—,PRKTK0032023,2025,5,1,5,4,LAYAK,—,Alat & Perkakas
113,TANG KRIMPING HIJAU,—,PRKTK0042023,2020,1,6,1,1,TIDAK LAYAK,Tidak ada pisau,Alat & Perkakas
114,TANG KRIMPING HIJAU,—,PRKTK0052023,2025,5,1,5,4,LAYAK,—,Alat & Perkakas
115,TANG KRIMPING HIJAU,—,PRKTK0062023,2025,5,1,5,4,LAYAK,—,Alat & Perkakas
116,TANG KRIMPING HIJAU,—,PRKTK0072023,2025,5,1,5,4,LAYAK,—,Alat & Perkakas
117,TANG KRIMPING HIJAU,—,PRKTK0082023,2024,3,4,2,2,KURANG LAYAK,—,Alat & Perkakas
118,TANG KRIMPING HIJAU,—,PRKTK0092023,2025,5,1,5,4,LAYAK,—,Alat & Perkakas
119,TANG KRIMPING HIJAU,—,PRKTK0102023,2025,5,1,5,4,LAYAK,—,Alat & Perkakas
120,TANG KRIMPING HIJAU,—,PRKTK0112023,2025,5,1,5,4,LAYAK,—,Alat & Perkakas
121,TANG KRIMPING HIJAU,—,PRKTK0122023,2024,3,4,2,2,KURANG LAYAK,—,Alat & Perkakas
122,TANG KRIMPING HIJAU,—,PRKTK0132024,2025,5,1,5,4,LAYAK,—,Alat & Perkakas
123,TANG KRIMPING BIRU,—,PRKTK0142024,2025,5,1,5,4,LAYAK,—,Alat & Perkakas
124,TANG KRIMPING BIRU,—,PRKTK0152024,2025,5,1,5,4,LAYAK,—,Alat & Perkakas
125,ROUTER AP TENDA N301,Tenda,USKMAAP0012023,2025,5,1,5,4,LAYAK,—,Perangkat Jaringan
126,ROUTER AP TENDA N301,Tenda,—,—,—,—,—,—,TIDAK DIKETAHUI,Kode tidak ada,Perangkat Jaringan
127,ROUTER AP TENDA N301,Tenda,—,—,—,—,—,—,TIDAK DIKETAHUI,Kode tidak ada,Perangkat Jaringan
128,ROUTER AP TENDA N301,Tenda,—,—,—,—,—,—,TIDAK DIKETAHUI,Kode tidak ada,Perangkat Jaringan
129,ROUTER AP TENDA N301,Tenda,—,—,—,—,—,—,TIDAK DIKETAHUI,Kode tidak ada,Perangkat Jaringan
130,ROUTER AP TENDA N301,Tenda,USKMAAP0062023,2025,5,1,5,4,LAYAK,—,Perangkat Jaringan
131,ROUTER AP TENDA N301,Tenda,USKMAAP0072023,2025,5,1,5,4,LAYAK,—,Perangkat Jaringan
132,ROUTER AP TENDA N301,Tenda,USKMAAP0082023,2025,5,1,5,4,LAYAK,—,Perangkat Jaringan
133,ROUTER AP TENDA N301,Tenda,USKMAAP0092023,2025,5,1,5,4,LAYAK,—,Perangkat Jaringan
134,ROUTER AP TENDA N301,Tenda,—,—,—,—,—,—,TIDAK DIKETAHUI,Kode tidak ada,Perangkat Jaringan
135,ROUTER AP TENDA N301,Tenda,USKMAAP0112023,2025,5,1,5,4,LAYAK,—,Perangkat Jaringan
136,ROUTER AP TENDA N301,Tenda,USKMAAP0122023,2025,5,1,5,4,LAYAK,—,Perangkat Jaringan
137,ROUTER AP TP-LINK WA801N,TP-Link,PRKAP0012023,2025,5,1,5,4,LAYAK,—,Perangkat Jaringan
138,ROUTER AP TP-LINK WA801ND,TP-Link,PRKAP0022023,2025,5,1,5,4,LAYAK,—,Perangkat Jaringan
139,ROUTER WIFI D-LINK,D-Link,PRKRWFI0012023,2025,5,1,5,4,LAYAK,—,Perangkat Jaringan
140,ROUTER WIFI FIBERHOME,FiberHome,PRKRWFI0022023,2025,5,1,5,4,LAYAK,—,Perangkat Jaringan
141,LAN TASTER,—,USKMALT0012023,2025,5,1,5,4,LAYAK,—,Alat & Perkakas
142,LAN TASTER,—,USKMALT0022023,2025,5,1,5,4,LAYAK,—,Alat & Perkakas
143,LAN TASTER,—,USKMALT0032023,2025,5,1,5,4,LAYAK,—,Alat & Perkakas
144,LAN TASTER,—,USKMALT0042023,2025,5,1,5,4,LAYAK,—,Alat & Perkakas
145,LAN TASTER,—,USKMALT0052023,2025,5,1,5,4,LAYAK,—,Alat & Perkakas
146,LAN TASTER,—,USKMALT0062023,2025,5,1,5,4,LAYAK,—,Alat & Perkakas
147,LAN TASTER,—,USKMALT0072023,2025,5,1,5,4,LAYAK,—,Alat & Perkakas
148,LAN TASTER,—,USKMALT0082023,2025,5,1,5,4,LAYAK,—,Alat & Perkakas
149,LAN TASTER,—,USKMALT0092023,2025,5,1,5,4,LAYAK,—,Alat & Perkakas
150,LAN TASTER,—,USKMALT0102023,2025,5,1,5,4,LAYAK,—,Alat & Perkakas
151,LAN TASTER,—,USKMALT0112023,2025,5,1,5,4,LAYAK,—,Alat & Perkakas
152,LAN TASTER,—,USKMALT0132023,2025,5,1,5,4,LAYAK,—,Alat & Perkakas
153,LAN TASTER,—,USKMALT0142023,2025,5,1,5,4,LAYAK,—,Alat & Perkakas
154,LAN TASTER,—,PRKLT0012023,2025,5,1,5,4,LAYAK,—,Alat & Perkakas
155,LAN TASTER,—,PRKLT0022023,—,—,—,—,—,TIDAK DIKETAHUI,Tidak ditemukan,Alat & Perkakas
156,LAN TASTER,—,PRKLT0032023,2025,5,1,5,4,LAYAK,—,Alat & Perkakas
157,LAN TASTER,—,PRKLT0042023,—,—,—,—,—,TIDAK DIKETAHUI,Tidak ditemukan,Alat & Perkakas
158,LAN TASTER,—,PRKLT0052023,2025,5,1,5,4,LAYAK,—,Alat & Perkakas
159,LAN TASTER,—,PRKLT0062023,2025,5,1,5,4,LAYAK,—,Alat & Perkakas
160,LAN TASTER,—,PRKLT0072023,2025,5,1,5,4,LAYAK,—,Alat & Perkakas
161,LAN TASTER,—,PRKLT0082023,2025,5,1,5,4,LAYAK,—,Alat & Perkakas
162,LAN TASTER,—,PRKLT0092023,—,—,—,—,—,TIDAK DIKETAHUI,Tidak ditemukan,Alat & Perkakas
163,LAN TASTER,—,PRKLT0102024,2025,5,0,4,4,LAYAK,Instrumen baru,Alat & Perkakas
164,RING KABEL UTP KUNING,—,USKMARNG0012023,2025,5,1,5,4,LAYAK,—,Kabel & Aksesori
165,RING KABEL UTP KUNING,—,USKMARNG0022023,2025,5,1,5,4,LAYAK,—,Kabel & Aksesori
166,RING KABEL UTP KUNING,—,USKMARNG0032023,2025,5,1,5,4,LAYAK,—,Kabel & Aksesori
167,RING KABEL UTP KUNING,—,USKMARNG0042023,2025,5,1,5,4,LAYAK,—,Kabel & Aksesori
168,RING KABEL UTP KUNING,—,USKMARNG0052023,2025,5,1,5,4,LAYAK,—,Kabel & Aksesori
169,RING KABEL UTP KUNING,—,USKMARNG0062023,2025,5,1,5,4,LAYAK,—,Kabel & Aksesori
170,RING KABEL UTP KUNING,—,USKMARNG0072023,2024,3,4,2,2,KURANG LAYAK,—,Kabel & Aksesori
171,RING KABEL UTP KUNING,—,USKMARNG0082023,2025,5,1,5,4,LAYAK,—,Kabel & Aksesori
172,RING KABEL UTP KUNING,—,USKMARNG0092023,2025,5,1,5,4,LAYAK,—,Kabel & Aksesori
173,RING KABEL UTP KUNING,—,USKMARNG0102023,2025,5,1,5,4,LAYAK,—,Kabel & Aksesori
174,RING KABEL UTP KUNING,—,USKMARNG0112023,2025,5,1,5,4,LAYAK,—,Kabel & Aksesori
175,RING KABEL UTP KUNING,—,USKMARNG0122023,2024,3,4,2,2,KURANG LAYAK,—,Kabel & Aksesori
176,RING KABEL UTP KUNING,—,USKMARNG0132023,2025,5,1,5,4,LAYAK,—,Kabel & Aksesori
177,RING KABEL UTP KUNING,—,USKMARNG0142023,2025,5,1,5,4,LAYAK,—,Kabel & Aksesori
178,RING KABEL UTP KUNING,—,USKMARNG0152023,2025,5,1,5,4,LAYAK,—,Kabel & Aksesori
179,RING KABEL UTP KUNING,—,USKMARNG0162023,2025,5,1,5,4,LAYAK,—,Kabel & Aksesori
180,RING KABEL UTP KUNING,—,USKMARNG0172023,2025,5,1,5,4,LAYAK,—,Kabel & Aksesori
181,RING KABEL UTP KUNING,—,PRKRNG0012023,2025,5,1,5,4,LAYAK,—,Kabel & Aksesori
182,RING KABEL UTP KUNING,—,PRKRNG0022023,2025,5,1,5,4,LAYAK,—,Kabel & Aksesori
183,RING KABEL UTP KUNING,—,PRKRNG0032023,2025,5,1,5,4,LAYAK,—,Kabel & Aksesori
184,RING KABEL UTP KUNING,—,PRKRNG0042023,2025,5,1,5,4,LAYAK,—,Kabel & Aksesori
185,RING KABEL UTP KUNING,—,PRKRNG0052023,2025,5,1,5,4,LAYAK,—,Kabel & Aksesori
186,RING KABEL UTP KUNING,—,PRKRNG0062023,2024,3,4,2,2,KURANG LAYAK,—,Kabel & Aksesori
187,RING KABEL UTP KUNING,—,PRKRNG0072023,2025,5,1,5,4,LAYAK,—,Kabel & Aksesori
188,RING KABEL UTP KUNING,—,PRKRNG0082023,2025,5,1,5,4,LAYAK,—,Kabel & Aksesori
189,KABEL POWER MIKROTIK,—,USKMAKPMK0012023,2025,5,1,5,4,LAYAK,—,Perangkat Jaringan
190,KABEL POWER MIKROTIK,—,USKMAKPMK0022023,2025,5,1,5,4,LAYAK,—,Perangkat Jaringan
191,KABEL POWER MIKROTIK,—,USKMAKPMK0032023,2025,5,1,5,4,LAYAK,—,Perangkat Jaringan
192,KABEL POWER MIKROTIK,—,USKMAKPMK0042023,2025,5,1,5,4,LAYAK,—,Perangkat Jaringan
193,KABEL POWER MIKROTIK,—,USKMAKPMK0052023,2025,5,1,5,4,LAYAK,—,Perangkat Jaringan
194,KABEL POWER MIKROTIK,—,USKMASW0062023,2025,5,1,5,4,LAYAK,—,Perangkat Jaringan
195,KABEL POWER MIKROTIK,—,USKMAKPMK0072023,2025,5,1,5,4,LAYAK,—,Perangkat Jaringan
196,KABEL POWER MIKROTIK,—,USKMAKPMK0082023,2025,5,1,5,4,LAYAK,—,Perangkat Jaringan
197,KABEL POWER MIKROTIK,—,USKMAKPMK0092023,2024,3,4,2,2,KURANG LAYAK,—,Perangkat Jaringan
198,KABEL POWER MIKROTIK,—,USKMAKPMK0102023,2025,5,1,5,4,LAYAK,—,Perangkat Jaringan
199,KABEL POWER MIKROTIK,—,—,—,—,—,—,—,TIDAK DIKETAHUI,Kode tidak ada,Perangkat Jaringan
200,KABEL POWER MIKROTIK,—,USKMAKPMK0122023,2025,5,1,5,4,LAYAK,—,Perangkat Jaringan
201,KABEL POWER MIKROTIK,—,USKMAKPMK0132023,2025,5,1,5,4,LAYAK,—,Perangkat Jaringan
202,KABEL POWER MIKROTIK,—,USKMAKPMK0142023,2025,5,1,5,4,LAYAK,—,Perangkat Jaringan
203,KABEL POWER MIKROTIK,—,USKMAKP0152023,2025,5,1,5,4,LAYAK,—,Perangkat Jaringan
204,KABEL POWER MIKROTIK,—,USKMAKPMK0162023,2024,3,4,2,2,KURANG LAYAK,—,Perangkat Jaringan
205,KABEL POWER MIKROTIK,—,—,—,—,—,—,—,TIDAK DIKETAHUI,Belum didata,Perangkat Jaringan
206,KABEL POWER MIKROTIK,—,—,—,—,—,—,—,TIDAK DIKETAHUI,Belum didata,Perangkat Jaringan
207,KABEL POWER MIKROTIK,—,—,—,—,—,—,—,TIDAK DIKETAHUI,Belum didata,Perangkat Jaringan
208,KABEL POWER MIKROTIK,—,—,—,—,—,—,—,TIDAK DIKETAHUI,Belum didata,Perangkat Jaringan
209,KABEL POWER LAPTOP DELL,Dell,PRKKPKLP0012023,2025,5,1,5,4,LAYAK,—,Perangkat Jaringan
210,KABEL POWER LAPTOP DELL,Dell,PRKKPKLP0022023,2025,5,1,5,4,LAYAK,—,Perangkat Jaringan
211,KABEL POWER LAPTOP DELL,Dell,PRKKPKLP0032023,2025,5,1,5,4,LAYAK,—,Perangkat Jaringan
212,KABEL POWER LAPTOP DELL,Dell,PRKKPKLP0042023,2025,5,1,5,4,LAYAK,—,Perangkat Jaringan
213,KABEL POWER LAPTOP DELL,Dell,PRKKPKLP0052023,2025,5,1,5,4,LAYAK,—,Perangkat Jaringan
214,KABEL POWER LAPTOP DELL,Dell,PRKKPKLP0062023,—,—,—,—,—,TIDAK DIKETAHUI,Belum didata,Perangkat Jaringan
215,KABEL POWER LAPTOP DELL,Dell,PRKKPKLP0072023,—,—,—,—,—,TIDAK DIKETAHUI,Belum didata,Perangkat Jaringan
216,KABEL POWER LAPTOP DELL,Dell,PRKKPKLP00112023,2025,5,1,5,4,LAYAK,—,Perangkat Jaringan
217,KABEL POWER AP,—,USKMAKP0022023,2025,5,1,5,4,LAYAK,—,Perangkat Jaringan
218,KABEL POWER AP,—,—,—,—,—,—,—,TIDAK DIKETAHUI,Belum didata,Perangkat Jaringan
219,KABEL POWER AP,—,USKMAKP0042023,2025,5,1,5,4,LAYAK,—,Perangkat Jaringan
220,KABEL POWER AP,—,USKMAKP0052023,2025,5,1,5,4,LAYAK,—,Perangkat Jaringan
221,KABEL POWER AP,—,USKMAKP0062023,2025,5,1,5,4,LAYAK,—,Perangkat Jaringan
222,KABEL POWER AP,—,USKMAKP0072023,2025,5,1,5,4,LAYAK,—,Perangkat Jaringan
223,KABEL POWER AP,—,USKMAKP0082023,2024,3,4,2,2,KURANG LAYAK,—,Perangkat Jaringan
224,KABEL POWER AP,—,USKMAKP0092023,2025,5,1,5,4,LAYAK,—,Perangkat Jaringan
225,KABEL POWER AP,—,USKMAKP0102023,2025,5,1,5,4,LAYAK,—,Perangkat Jaringan
226,KABEL POWER AP,—,USKMAKP0112023,2025,5,1,5,4,LAYAK,—,Perangkat Jaringan
227,KABEL POWER AP,—,—,—,—,—,—,—,TIDAK DIKETAHUI,Kode tidak ada,Perangkat Jaringan
228,KABEL POWER AP,—,USKMAKP0132023,2025,5,1,5,4,LAYAK,—,Perangkat Jaringan
229,KABEL POWER AP,—,—,—,—,—,—,—,TIDAK DIKETAHUI,Kode tidak ada,Perangkat Jaringan
230,PEMBOLONG KERTAS KECIL,—,USKMAPK0012023,2025,5,1,5,4,LAYAK,—,Alat & Perkakas
231,PEMBOLONG KERTAS KECIL,—,USKMAPK0022023,2025,5,1,5,4,LAYAK,—,Alat & Perkakas
232,PEMBOLONG KERTAS KECIL,—,USKMAPK0032023,2025,5,1,5,4,LAYAK,—,Alat & Perkakas
233,PEMBOLONG KERTAS BESAR,—,USKMAPK0042023,2025,5,1,5,4,LAYAK,—,Alat & Perkakas
234,STAPLES,—,USKMASP0012023,2025,5,1,5,4,LAYAK,—,Perangkat Jaringan
235,STAPLES,—,USKMASP0022023,2025,5,1,5,4,LAYAK,—,Perangkat Jaringan
236,ROUTERBOARD RB951Ui-2HnD,Mikrotik,PRKMRK0072023,2025,5,1,5,4,LAYAK,—,Perangkat Jaringan
237,KONEKTOR RJ45,Belden,—,2025,5,1,5,4,LAYAK,—,Kabel & Aksesori
238,KABEL UTP,Belden,—,2025,5,1,4,4,LAYAK,1 Box,Kabel & Aksesori